Account,Balance (ETH)
0x78ED2965165C72294aC4B7b80e6dE25C039693A8,99.998654367393307942
0x5FdD1F6ad0B33Cd593b905fDa6BD041ed5fFE5ED,99.99892556684972045
0x9594577dEDF7ac37AAb20C921480454C31D101D7,94.999816627156415436
0x3ea39705e36a97c0Bf9FA1122ABdd95d31434398,100
0x91F1e01424620d74fDBaE06535940Ce38E778560,100
0x37F9B507e07f6e5b84c80804401476347ca85945,100
0x99d310710c62b10fD2Aa2C32685C88ae62E7c40c,100
0x018F7e0bA08670cAA5D48fE9EA087E59fa16C927,100
0x78Af9B26D175bCd223790A461513b67b71E97C5D,100
0x2C7C509c2C60447037379f6E844cffEdd5f9b3a3,100
Account,Balance (ETH)
0x78ED2965165C72294aC4B7b80e6dE25C039693A8,99.998654367393307942
0x5FdD1F6ad0B33Cd593b905fDa6BD041ed5fFE5ED,99.99892556684972045
0x9594577dEDF7ac37AAb20C921480454C31D101D7,93.99980797524623831
0x3ea39705e36a97c0Bf9FA1122ABdd95d31434398,100
0x91F1e01424620d74fDBaE06535940Ce38E778560,100
0x37F9B507e07f6e5b84c80804401476347ca85945,100
0x99d310710c62b10fD2Aa2C32685C88ae62E7c40c,100
0x018F7e0bA08670cAA5D48fE9EA087E59fa16C927,100
0x78Af9B26D175bCd223790A461513b67b71E97C5D,100
0x2C7C509c2C60447037379f6E844cffEdd5f9b3a3,100
Account,Balance (ETH)
0x78ED2965165C72294aC4B7b80e6dE25C039693A8,99.998654367393307942
0x5FdD1F6ad0B33Cd593b905fDa6BD041ed5fFE5ED,99.99892556684972045
0x9594577dEDF7ac37AAb20C921480454C31D101D7,92.999801329408546511
0x3ea39705e36a97c0Bf9FA1122ABdd95d31434398,100
0x91F1e01424620d74fDBaE06535940Ce38E778560,100
0x37F9B507e07f6e5b84c80804401476347ca85945,100
0x99d310710c62b10fD2Aa2C32685C88ae62E7c40c,100
0x018F7e0bA08670cAA5D48fE9EA087E59fa16C927,100
0x78Af9B26D175bCd223790A461513b67b71E97C5D,100
0x2C7C509c2C60447037379f6E844cffEdd5f9b3a3,100
Account,Balance (ETH)
0x78ED2965165C72294aC4B7b80e6dE25C039693A8,99.998654367393307942
0x5FdD1F6ad0B33Cd593b905fDa6BD041ed5fFE5ED,100.99892556684972045
0x9594577dEDF7ac37AAb20C921480454C31D101D7,91.999795940898171801
0x3ea39705e36a97c0Bf9FA1122ABdd95d31434398,100
0x91F1e01424620d74fDBaE06535940Ce38E778560,100
0x37F9B507e07f6e5b84c80804401476347ca85945,100
0x99d310710c62b10fD2Aa2C32685C88ae62E7c40c,100
0x018F7e0bA08670cAA5D48fE9EA087E59fa16C927,100
0x78Af9B26D175bCd223790A461513b67b71E97C5D,100
0x2C7C509c2C60447037379f6E844cffEdd5f9b3a3,100
